{"cameraMode":{"drawMode":0,"name":"Shaded","section":"Shading Mode"},"sceneLighting":false,"audioPlay":false,"sceneViewState":{"showFog":true,"showMaterialUpdate":true,"showSkybox":false,"showFlares":true,"showImageEffects":true,"showParticleSystems":true},"in2DMode":false,"pivot":{"x":-1.3857518434524537,"y":0.17939819395542146,"z":-0.8659030795097351},"rotation":{"x":-0.0030561848543584348,"y":-0.984585165977478,"z":-0.026575645431876184,"w":0.1754801869392395},"size":3.3449389934539797,"orthographic":false}