{"cameraMode":{"drawMode":0,"name":"Shaded","section":"Shading Mode"},"sceneLighting":false,"audioPlay":false,"sceneViewState":{"showFog":true,"showMaterialUpdate":true,"showSkybox":false,"showFlares":true,"showImageEffects":true,"showParticleSystems":true},"in2DMode":false,"pivot":{"x":0.21043401956558228,"y":-0.013234339654445649,"z":0.14278191328048707},"rotation":{"x":-0.01247849315404892,"y":-0.948451817035675,"z":0.03570052981376648,"w":-0.3159444034099579},"size":1.104644536972046,"orthographic":false}