{"cameraMode":{"drawMode":0,"name":"Shaded","section":"Shading Mode"},"sceneLighting":true,"audioPlay":false,"sceneViewState":{"showFog":true,"showMaterialUpdate":true,"showSkybox":false,"showFlares":true,"showImageEffects":true,"showParticleSystems":true},"in2DMode":false,"pivot":{"x":-185.70899963378907,"y":-44.69087219238281,"z":17.605064392089845},"rotation":{"x":0.18361076712608338,"y":-0.5735102891921997,"z":0.1325056403875351,"w":0.7878328561782837},"size":128.033203125,"orthographic":false}