{"cameraMode":{"drawMode":0,"name":"Shaded","section":"Shading Mode"},"sceneLighting":true,"audioPlay":false,"sceneViewState":{"showFog":true,"showMaterialUpdate":true,"showSkybox":false,"showFlares":true,"showImageEffects":true,"showParticleSystems":true},"in2DMode":false,"pivot":{"x":-0.15916728973388673,"y":6.719759464263916,"z":0.12790222465991975},"rotation":{"x":-0.03420403599739075,"y":0.6504678726196289,"z":0.028773760423064233,"w":0.7587860226631165},"size":17.650178909301759,"orthographic":false}