{"cameraMode":{"drawMode":0,"name":"Shaded","section":"Shading Mode"},"sceneLighting":false,"audioPlay":false,"sceneViewState":{"showFog":true,"showMaterialUpdate":true,"showSkybox":false,"showFlares":true,"showImageEffects":true,"showParticleSystems":true},"in2DMode":false,"pivot":{"x":10.319999694824219,"y":0.5,"z":-10.399999618530274},"rotation":{"x":0.12773387134075166,"y":0.327792227268219,"z":-0.03734127804636955,"w":0.9359501004219055},"size":0.8660253882408142,"orthographic":false}