{"cameraMode":{"drawMode":0,"name":"Shaded","section":"Shading Mode"},"sceneLighting":true,"audioPlay":false,"sceneViewState":{"showFog":true,"showMaterialUpdate":true,"showSkybox":false,"showFlares":true,"showImageEffects":true,"showParticleSystems":true},"in2DMode":false,"pivot":{"x":-129.3670654296875,"y":2.318092107772827,"z":-1.4218655824661255},"rotation":{"x":0.0012758427765220404,"y":0.9964001774787903,"z":-0.08721187710762024,"w":0.010804640129208565},"size":7.818005084991455,"orthographic":false}