{"cameraMode":{"drawMode":0,"name":"Shaded","section":"Shading Mode"},"sceneLighting":true,"audioPlay":false,"sceneViewState":{"showFog":true,"showMaterialUpdate":true,"showSkybox":true,"showFlares":true,"showImageEffects":true,"showParticleSystems":true},"in2DMode":false,"pivot":{"x":39.62507247924805,"y":13.264554977416993,"z":4.104887008666992},"rotation":{"x":-0.05873361602425575,"y":0.5773101449012756,"z":-0.048900306224823,"w":-0.8136770725250244},"size":0.7132133841514587,"orthographic":false}