{"cameraMode":{"drawMode":0,"name":"Shaded","section":"Shading Mode"},"sceneLighting":false,"audioPlay":false,"sceneViewState":{"showFog":true,"showMaterialUpdate":true,"showSkybox":false,"showFlares":true,"showImageEffects":true,"showParticleSystems":true},"in2DMode":false,"pivot":{"x":-13.080259323120118,"y":1.350000023841858,"z":53.189998626708987},"rotation":{"x":0.10094998776912689,"y":-0.14523003995418549,"z":0.022097690030932428,"w":0.9845759272575378},"size":0.08660218119621277,"orthographic":false}