{"cameraMode":{"drawMode":0,"name":"Shaded","section":"Shading Mode"},"sceneLighting":true,"audioPlay":false,"sceneViewState":{"showFog":true,"showMaterialUpdate":true,"showSkybox":false,"showFlares":true,"showImageEffects":true,"showParticleSystems":true},"in2DMode":false,"pivot":{"x":-75.66471099853516,"y":11.348355293273926,"z":-6.645635604858398},"rotation":{"x":-0.01552338246256113,"y":-0.3577691316604614,"z":0.006483508739620447,"w":-0.9341214299201965},"size":9.178536415100098,"orthographic":false}