{"cameraMode":{"drawMode":0,"name":"Shaded","section":"Shading Mode"},"sceneLighting":false,"audioPlay":false,"sceneViewState":{"showFog":true,"showMaterialUpdate":true,"showSkybox":false,"showFlares":true,"showImageEffects":true,"showParticleSystems":true},"in2DMode":false,"pivot":{"x":935.9521484375,"y":520.756591796875,"z":50.53730010986328},"rotation":{"x":0.19169078767299653,"y":-0.11060957610607147,"z":0.027803927659988405,"w":0.9754075407981873},"size":0.8660275936126709,"orthographic":false}