{"cameraMode":{"drawMode":0,"name":"Shaded","section":"Shading Mode"},"sceneLighting":false,"audioPlay":false,"sceneViewState":{"showFog":true,"showMaterialUpdate":true,"showSkybox":false,"showFlares":true,"showImageEffects":true,"showParticleSystems":true},"in2DMode":false,"pivot":{"x":961.03515625,"y":518.2050170898438,"z":120.21580505371094},"rotation":{"x":-0.013808182440698147,"y":0.06399451196193695,"z":-0.0005493476055562496,"w":-0.998337984085083},"size":266.2856750488281,"orthographic":false}