{"cameraMode":{"drawMode":0,"name":"Shaded","section":"Shading Mode"},"sceneLighting":false,"audioPlay":false,"sceneViewState":{"showFog":true,"showMaterialUpdate":true,"showSkybox":false,"showFlares":true,"showImageEffects":true,"showParticleSystems":true},"in2DMode":false,"pivot":{"x":968.8019409179688,"y":536.6989135742188,"z":-70.76476287841797},"rotation":{"x":-0.07221057265996933,"y":0.04590835049748421,"z":-0.003178029553964734,"w":-0.9968106150627136},"size":7.1409592628479,"orthographic":false}